,play,yardage,median_deviation,mean_deviation,algorithm
0,play1639-game2020101109.csv,,,,
,play,yardage,median_deviation,mean_deviation,algorithm
0,play174-game2020112908.csv,,,,
,play,yardage,median_deviation,mean_deviation,algorithm
0,play1597-game2020091308.csv,,,,
,play,yardage,median_deviation,mean_deviation,algorithm
0,play1359-game2021010315.csv,,,,
,play,yardage,median_deviation,mean_deviation,algorithm
0,play142-game2020122013.csv,,,,
,play,yardage,median_deviation,mean_deviation,algorithm
0,play120-game2020112211.csv,,,,
,play,yardage,median_deviation,mean_deviation,algorithm
0,play123-game2020101105.csv,,,,
,play,yardage,median_deviation,mean_deviation,algorithm
0,play1473-game2020110106.csv,,,,
,play,yardage,median_deviation,mean_deviation,algorithm
0,play1118-game2020101805.csv,,,,
,play,yardage,median_deviation,mean_deviation,algorithm
0,play179-game2021010305.csv,,,,
,play,yardage,median_deviation,mean_deviation,algorithm
0,play1174-game2021010308.csv,,,,
,play,yardage,median_deviation,mean_deviation,algorithm
0,play1552-game2020122711.csv,,,,
,play,yardage,median_deviation,mean_deviation,algorithm
0,play1306-game2020110108.csv,,,,
,play,yardage,median_deviation,mean_deviation,algorithm
0,play1643-game2020091400.csv,,,,
,play,yardage,median_deviation,mean_deviation,algorithm
0,play136-game2020122709.csv,,,,
,play,yardage,median_deviation,mean_deviation,algorithm
0,play1598-game2020110102.csv,,,,
,play,yardage,median_deviation,mean_deviation,algorithm
0,play1744-game2020122003.csv,,,,
,play,yardage,median_deviation,mean_deviation,algorithm
0,play120-game2020122100.csv,,,,
,play,yardage,median_deviation,mean_deviation,algorithm
0,play1000-game2020122705.csv,,,,
,play,yardage,median_deviation,mean_deviation,algorithm
0,play123-game2020112601.csv,,,,
,play,yardage,median_deviation,mean_deviation,algorithm
0,play1479-game2021010315.csv,,,,
,play,yardage,median_deviation,mean_deviation,algorithm
0,play1363-game2020091307.csv,,,,
,play,yardage,median_deviation,mean_deviation,algorithm
0,play1798-game2020120702.csv,,,,
,play,yardage,median_deviation,mean_deviation,algorithm
0,play1306-game2020120607.csv,,,,
,play,yardage,median_deviation,mean_deviation,algorithm
0,play1203-game2020100100.csv,,,,
,play,yardage,median_deviation,mean_deviation,algorithm
0,play1121-game2020112202.csv,,,,
,play,yardage,median_deviation,mean_deviation,algorithm
0,play1424-game2020112909.csv,,,,
,play,yardage,median_deviation,mean_deviation,algorithm
0,play160-game2020101807.csv,,,,
,play,yardage,median_deviation,mean_deviation,algorithm
0,play123-game2020120600.csv,,,,
,play,yardage,median_deviation,mean_deviation,algorithm
0,play1653-game2021010309.csv,,,,
,play,yardage,median_deviation,mean_deviation,algorithm
0,play1000-game2021010304.csv,,,,
,play,yardage,median_deviation,mean_deviation,algorithm
0,play1748-game2020091311.csv,,,,
,play,yardage,median_deviation,mean_deviation,algorithm
0,play1556-game2020091400.csv,,,,
,play,yardage,median_deviation,mean_deviation,algorithm
0,play131-game2020101901.csv,,,,
,play,yardage,median_deviation,mean_deviation,algorithm
0,play1489-game2020112201.csv,,,,
,play,yardage,median_deviation,mean_deviation,algorithm
0,play1033-game2020092004.csv,,,,
,play,yardage,median_deviation,mean_deviation,algorithm
0,play1208-game2021010313.csv,,,,
,play,yardage,median_deviation,mean_deviation,algorithm
0,play1607-game2020112210.csv,,,,
,play,yardage,median_deviation,mean_deviation,algorithm
0,play1801-game2020112202.csv,,,,
,play,yardage,median_deviation,mean_deviation,algorithm
0,play1366-game2020092009.csv,,,,
,play,yardage,median_deviation,mean_deviation,algorithm
0,play1125-game2020111501.csv,,,,
,play,yardage,median_deviation,mean_deviation,algorithm
0,play123-game2020122602.csv,,,,
,play,yardage,median_deviation,mean_deviation,algorithm
0,play1002-game2020100410.csv,,,,
,play,yardage,median_deviation,mean_deviation,algorithm
0,play1310-game2020092706.csv,,,,
,play,yardage,median_deviation,mean_deviation,algorithm
0,play1564-game2020112907.csv,,,,
,play,yardage,median_deviation,mean_deviation,algorithm
0,play1265-game2020092003.csv,,,,
,play,yardage,median_deviation,mean_deviation,algorithm
0,play1426-game2020110800.csv,,,,
,play,yardage,median_deviation,mean_deviation,algorithm
0,play161-game2020112900.csv,,,,
,play,yardage,median_deviation,mean_deviation,algorithm
0,play1131-game2021010307.csv,,,,
,play,yardage,median_deviation,mean_deviation,algorithm
0,play121-game2020110806.csv,,,,
,play,yardage,median_deviation,mean_deviation,algorithm
0,play1043-game2020092708.csv,,,,
,play,yardage,median_deviation,mean_deviation,algorithm
0,play1175-game2020112901.csv,,,,
,play,yardage,median_deviation,mean_deviation,algorithm
0,play137-game2020091302.csv,,,,
,play,yardage,median_deviation,mean_deviation,algorithm
0,play1005-game2020092003.csv,,,,
,play,yardage,median_deviation,mean_deviation,algorithm
0,play181-game2020120603.csv,,,,
,play,yardage,median_deviation,mean_deviation,algorithm
0,play1612-game2020101813.csv,,,,
,play,yardage,median_deviation,mean_deviation,algorithm
0,play1428-game2020101200.csv,,,,
,play,yardage,median_deviation,mean_deviation,algorithm
0,play1311-game2020112207.csv,,,,
,play,yardage,median_deviation,mean_deviation,algorithm
0,play1663-game2020120604.csv,,,,
,play,yardage,median_deviation,mean_deviation,algorithm
0,play1566-game2020110110.csv,,,,
,play,yardage,median_deviation,mean_deviation,algorithm
0,play1135-game2020112211.csv,,,,
,play,yardage,median_deviation,mean_deviation,algorithm
0,play118-game2021010311.csv,,,,
,play,yardage,median_deviation,mean_deviation,algorithm
0,play175-game2021010315.csv,,,,
,play,yardage,median_deviation,mean_deviation,algorithm
0,play121-game2020121310.csv,,,,
,play,yardage,median_deviation,mean_deviation,algorithm
0,play1232-game2020121900.csv,,,,
,play,yardage,median_deviation,mean_deviation,algorithm
0,play1373-game2020122012.csv,,,,
,play,yardage,median_deviation,mean_deviation,algorithm
0,play1822-game2020110806.csv,,,,
,play,yardage,median_deviation,mean_deviation,algorithm
0,play151-game2020113000.csv,,,,
,play,yardage,median_deviation,mean_deviation,algorithm
0,play1615-game2020092711.csv,,,,
,play,yardage,median_deviation,mean_deviation,algorithm
0,play1008-game2020091401.csv,,,,
,play,yardage,median_deviation,mean_deviation,algorithm
0,play1312-game2021010313.csv,,,,
,play,yardage,median_deviation,mean_deviation,algorithm
0,play1667-game2020112203.csv,,,,
,play,yardage,median_deviation,mean_deviation,algorithm
0,play1063-game2020101109.csv,,,,
,play,yardage,median_deviation,mean_deviation,algorithm
0,play1140-game2020111504.csv,,,,
,play,yardage,median_deviation,mean_deviation,algorithm
0,play143-game2020111507.csv,,,,
,play,yardage,median_deviation,mean_deviation,algorithm
0,play121-game2020122003.csv,,,,
,play,yardage,median_deviation,mean_deviation,algorithm
0,play1566-game2020122600.csv,,,,
,play,yardage,median_deviation,mean_deviation,algorithm
0,play1267-game2020120700.csv,,,,
,play,yardage,median_deviation,mean_deviation,algorithm
0,play1232-game2021010309.csv,,,,
,play,yardage,median_deviation,mean_deviation,algorithm
0,play1377-game2020101805.csv,,,,
,play,yardage,median_deviation,mean_deviation,algorithm
0,play1510-game2020091300.csv,,,,
,play,yardage,median_deviation,mean_deviation,algorithm
0,play1065-game2020121313.csv,,,,
,play,yardage,median_deviation,mean_deviation,algorithm
0,play1620-game2020121900.csv,,,,
,play,yardage,median_deviation,mean_deviation,algorithm
0,play1329-game2020120611.csv,,,,
,play,yardage,median_deviation,mean_deviation,algorithm
0,play1009-game2020121308.csv,,,,
,play,yardage,median_deviation,mean_deviation,algorithm
0,play1827-game2020121307.csv,,,,
,play,yardage,median_deviation,mean_deviation,algorithm
0,play127-game2020100410.csv,,,,
,play,yardage,median_deviation,mean_deviation,algorithm
0,play1151-game2020102503.csv,,,,
,play,yardage,median_deviation,mean_deviation,algorithm
0,play1751-game2020101101.csv,,,,
,play,yardage,median_deviation,mean_deviation,algorithm
0,play122-game2020101109.csv,,,,
,play,yardage,median_deviation,mean_deviation,algorithm
0,play144-game2020092004.csv,,,,
,play,yardage,median_deviation,mean_deviation,algorithm
0,play1674-game2020100404.csv,,,,
,play,yardage,median_deviation,mean_deviation,algorithm
0,play157-game2020112202.csv,,,,
,play,yardage,median_deviation,mean_deviation,algorithm
0,play153-game2020101900.csv,,,,
,play,yardage,median_deviation,mean_deviation,algorithm
0,play1394-game2020122709.csv,,,,
,play,yardage,median_deviation,mean_deviation,algorithm
0,play1071-game2020110806.csv,,,,
,play,yardage,median_deviation,mean_deviation,algorithm
0,play1011-game2020112211.csv,,,,
,play,yardage,median_deviation,mean_deviation,algorithm
0,play1331-game2020091306.csv,,,,
,play,yardage,median_deviation,mean_deviation,algorithm
0,play1180-game2020121311.csv,,,,
,play,yardage,median_deviation,mean_deviation,algorithm
0,play1837-game2020102200.csv,,,,
,play,yardage,median_deviation,mean_deviation,algorithm
0,play1270-game2020110810.csv,,,,
,play,yardage,median_deviation,mean_deviation,algorithm
0,play1764-game2020120608.csv,,,,
,play,yardage,median_deviation,mean_deviation,algorithm
0,play144-game2020102509.csv,,,,
,play,yardage,median_deviation,mean_deviation,algorithm
0,play1621-game2020092003.csv,,,,
,play,yardage,median_deviation,mean_deviation,algorithm
0,play1575-game2020102513.csv,,,,
,play,yardage,median_deviation,mean_deviation,algorithm
0,play1155-game2020091302.csv,,,,
,play,yardage,median_deviation,mean_deviation,algorithm
0,play1246-game2020110808.csv,,,,
,play,yardage,median_deviation,mean_deviation,algorithm
0,play1073-game2020091308.csv,,,,
,play,yardage,median_deviation,mean_deviation,algorithm
0,play1677-game2020112202.csv,,,,
,play,yardage,median_deviation,mean_deviation,algorithm
0,play122-game2020101805.csv,,,,
,play,yardage,median_deviation,mean_deviation,algorithm
0,play1332-game2020120600.csv,,,,
,play,yardage,median_deviation,mean_deviation,algorithm
0,play1535-game2021010314.csv,,,,
,play,yardage,median_deviation,mean_deviation,algorithm
0,play1015-game2020092100.csv,,,,
,play,yardage,median_deviation,mean_deviation,algorithm
0,play1182-game2020100401.csv,,,,
,play,yardage,median_deviation,mean_deviation,algorithm
0,play1767-game2020101200.csv,,,,
,play,yardage,median_deviation,mean_deviation,algorithm
0,play1246-game2020111503.csv,,,,
,play,yardage,median_deviation,mean_deviation,algorithm
0,play1276-game2020122600.csv,,,,
,play,yardage,median_deviation,mean_deviation,algorithm
0,play122-game2020111503.csv,,,,
,play,yardage,median_deviation,mean_deviation,algorithm
0,play1631-game2020122800.csv,,,,
,play,yardage,median_deviation,mean_deviation,algorithm
0,play1075-game2020110811.csv,,,,
,play,yardage,median_deviation,mean_deviation,algorithm
0,play140-game2020092010.csv,,,,
,play,yardage,median_deviation,mean_deviation,algorithm
0,play1441-game2020112906.csv,,,,
,play,yardage,median_deviation,mean_deviation,algorithm
0,play1157-game2020113000.csv,,,,
,play,yardage,median_deviation,mean_deviation,algorithm
0,play1692-game2020092702.csv,,,,
,play,yardage,median_deviation,mean_deviation,algorithm
0,play1539-game2020110108.csv,,,,
,play,yardage,median_deviation,mean_deviation,algorithm
0,play1858-game2021010314.csv,,,,
,play,yardage,median_deviation,mean_deviation,algorithm
0,play1018-game2020113000.csv,,,,
,play,yardage,median_deviation,mean_deviation,algorithm
0,play1183-game2020101112.csv,,,,
,play,yardage,median_deviation,mean_deviation,algorithm
0,play134-game2020101106.csv,,,,
,play,yardage,median_deviation,mean_deviation,algorithm
0,play128-game2020100403.csv,,,,
,play,yardage,median_deviation,mean_deviation,algorithm
0,play1633-game2020092707.csv,,,,
,play,yardage,median_deviation,mean_deviation,algorithm
0,play1767-game2020111512.csv,,,,
,play,yardage,median_deviation,mean_deviation,algorithm
0,play1250-game2020120610.csv,,,,
,play,yardage,median_deviation,mean_deviation,algorithm
0,play1579-game2020101110.csv,,,,
,play,yardage,median_deviation,mean_deviation,algorithm
0,play122-game2020121700.csv,,,,
,play,yardage,median_deviation,mean_deviation,algorithm
0,play1450-game2020113000.csv,,,,
,play,yardage,median_deviation,mean_deviation,algorithm
0,play154-game2020112901.csv,,,,
,play,yardage,median_deviation,mean_deviation,algorithm
0,play116-game2021010301.csv,,,,
,play,yardage,median_deviation,mean_deviation,algorithm
0,play1406-game2020121309.csv,,,,
,play,yardage,median_deviation,mean_deviation,algorithm
0,play1861-game2021010305.csv,,,,
,play,yardage,median_deviation,mean_deviation,algorithm
0,play1025-game2020092007.csv,,,,
,play,yardage,median_deviation,mean_deviation,algorithm
0,play1341-game2020092700.csv,,,,
,play,yardage,median_deviation,mean_deviation,algorithm
0,play170-game2020122002.csv,,,,
,play,yardage,median_deviation,mean_deviation,algorithm
0,play1183-game2020120609.csv,,,,
,play,yardage,median_deviation,mean_deviation,algorithm
0,play1637-game2020120601.csv,,,,
,play,yardage,median_deviation,mean_deviation,algorithm
0,play177-game2020111505.csv,,,,
,play,yardage,median_deviation,mean_deviation,algorithm
0,play1253-game2020092800.csv,,,,
,play,yardage,median_deviation,mean_deviation,algorithm
0,play141-game2020101102.csv,,,,
,play,yardage,median_deviation,mean_deviation,algorithm
0,play1164-game2020112910.csv,,,,
,play,yardage,median_deviation,mean_deviation,algorithm
0,play1458-game2020101100.csv,,,,
,play,yardage,median_deviation,mean_deviation,algorithm
0,play1586-game2021010300.csv,,,,
,play,yardage,median_deviation,mean_deviation,algorithm
0,play1026-game2020112909.csv,,,,
,play,yardage,median_deviation,mean_deviation,algorithm
0,play154-game2020122711.csv,,,,
,play,yardage,median_deviation,mean_deviation,algorithm
0,play1711-game2020102512.csv,,,,
,play,yardage,median_deviation,mean_deviation,algorithm
0,play1188-game2020120603.csv,,,,
,play,yardage,median_deviation,mean_deviation,algorithm
0,play1862-game2020092004.csv,,,,
,play,yardage,median_deviation,mean_deviation,algorithm
0,play195-game2021010313.csv,,,,
,play,yardage,median_deviation,mean_deviation,algorithm
0,play1258-game2020112905.csv,,,,
,play,yardage,median_deviation,mean_deviation,algorithm
0,play1287-game2020122007.csv,,,,
,play,yardage,median_deviation,mean_deviation,algorithm
0,play1780-game2020102513.csv,,,,
,play,yardage,median_deviation,mean_deviation,algorithm
0,play1459-game2020121305.csv,,,,
,play,yardage,median_deviation,mean_deviation,algorithm
0,play1088-game2020102513.csv,,,,
,play,yardage,median_deviation,mean_deviation,algorithm
0,play1587-game2020100500.csv,,,,
,play,yardage,median_deviation,mean_deviation,algorithm
0,play2319-game2020122702.csv,,,,
,play,yardage,median_deviation,mean_deviation,algorithm
0,play2183-game2020110808.csv,,,,
,play,yardage,median_deviation,mean_deviation,algorithm
0,play2265-game2020122708.csv,,,,
,play,yardage,median_deviation,mean_deviation,algorithm
0,play1719-game2020120607.csv,,,,
,play,yardage,median_deviation,mean_deviation,algorithm
0,play1867-game2020121400.csv,,,,
,play,yardage,median_deviation,mean_deviation,algorithm
0,play2046-game2020091310.csv,,,,
,play,yardage,median_deviation,mean_deviation,algorithm
0,play119-game2020092712.csv,,,,
,play,yardage,median_deviation,mean_deviation,algorithm
0,play213-game2020092709.csv,,,,
,play,yardage,median_deviation,mean_deviation,algorithm
0,play1983-game2021010311.csv,,,,
,play,yardage,median_deviation,mean_deviation,algorithm
0,play2369-game2020122602.csv,,,,
,play,yardage,median_deviation,mean_deviation,algorithm
0,play1783-game2020110106.csv,,,,
,play,yardage,median_deviation,mean_deviation,algorithm
0,play2427-game2020092002.csv,,,,
,play,yardage,median_deviation,mean_deviation,algorithm
0,play1090-game2021010306.csv,,,,
,play,yardage,median_deviation,mean_deviation,algorithm
0,play1876-game2020101112.csv,,,,
,play,yardage,median_deviation,mean_deviation,algorithm
0,play1589-game2020092007.csv,,,,
,play,yardage,median_deviation,mean_deviation,algorithm
0,play2323-game2020112211.csv,,,,
,play,yardage,median_deviation,mean_deviation,algorithm
0,play2267-game2020091401.csv,,,,
,play,yardage,median_deviation,mean_deviation,algorithm
0,play119-game2020100413.csv,,,,
,play,yardage,median_deviation,mean_deviation,algorithm
0,play2370-game2020101810.csv,,,,
,play,yardage,median_deviation,mean_deviation,algorithm
0,play213-game2020122007.csv,,,,
,play,yardage,median_deviation,mean_deviation,algorithm
0,play249-game2020092704.csv,,,,
,play,yardage,median_deviation,mean_deviation,algorithm
0,play2525-game2020110101.csv,,,,
,play,yardage,median_deviation,mean_deviation,algorithm
0,play1096-game2020100400.csv,,,,
,play,yardage,median_deviation,mean_deviation,algorithm
0,play2054-game2020112201.csv,,,,
,play,yardage,median_deviation,mean_deviation,algorithm
0,play2428-game2020092711.csv,,,,
,play,yardage,median_deviation,mean_deviation,algorithm
0,play2330-game2020102600.csv,,,,
,play,yardage,median_deviation,mean_deviation,algorithm
0,play1883-game2020092400.csv,,,,
,play,yardage,median_deviation,mean_deviation,algorithm
0,play119-game2020102513.csv,,,,
,play,yardage,median_deviation,mean_deviation,algorithm
0,play2270-game2020110809.csv,,,,
,play,yardage,median_deviation,mean_deviation,algorithm
0,play2656-game2020122602.csv,,,,
,play,yardage,median_deviation,mean_deviation,algorithm
0,play2134-game2020112205.csv,,,,
,play,yardage,median_deviation,mean_deviation,algorithm
0,play2491-game2020122704.csv,,,,
,play,yardage,median_deviation,mean_deviation,algorithm
0,play1988-game2020100401.csv,,,,
,play,yardage,median_deviation,mean_deviation,algorithm
0,play238-game2020110802.csv,,,,
,play,yardage,median_deviation,mean_deviation,algorithm
0,play2062-game2020122100.csv,,,,
,play,yardage,median_deviation,mean_deviation,algorithm
0,play129-game2020101200.csv,,,,
,play,yardage,median_deviation,mean_deviation,algorithm
0,play2541-game2020110112.csv,,,,
,play,yardage,median_deviation,mean_deviation,algorithm
0,play2583-game2020101200.csv,,,,
,play,yardage,median_deviation,mean_deviation,algorithm
0,play1883-game2020121304.csv,,,,
,play,yardage,median_deviation,mean_deviation,algorithm
0,play2711-game2020110105.csv,,,,
,play,yardage,median_deviation,mean_deviation,algorithm
0,play2272-game2020091301.csv,,,,
,play,yardage,median_deviation,mean_deviation,algorithm
0,play1995-game2020101112.csv,,,,
,play,yardage,median_deviation,mean_deviation,algorithm
0,play2492-game2020120601.csv,,,,
,play,yardage,median_deviation,mean_deviation,algorithm
0,play2070-game2020092400.csv,,,,
,play,yardage,median_deviation,mean_deviation,algorithm
0,play2429-game2020101108.csv,,,,
,play,yardage,median_deviation,mean_deviation,algorithm
0,play130-game2020120602.csv,,,,
,play,yardage,median_deviation,mean_deviation,algorithm
0,play2381-game2020111600.csv,,,,
,play,yardage,median_deviation,mean_deviation,algorithm
0,play2135-game2021010309.csv,,,,
,play,yardage,median_deviation,mean_deviation,algorithm
0,play2541-game2021010307.csv,,,,
,play,yardage,median_deviation,mean_deviation,algorithm
0,play2583-game2020112205.csv,,,,
,play,yardage,median_deviation,mean_deviation,algorithm
0,play1995-game2020121306.csv,,,,
,play,yardage,median_deviation,mean_deviation,algorithm
0,play1107-game2020110112.csv,,,,
,play,yardage,median_deviation,mean_deviation,algorithm
0,play2712-game2020122709.csv,,,,
,play,yardage,median_deviation,mean_deviation,algorithm
0,play2075-game2020121310.csv,,,,
,play,yardage,median_deviation,mean_deviation,algorithm
0,play2492-game2020122012.csv,,,,
,play,yardage,median_deviation,mean_deviation,algorithm
0,play2432-game2020091303.csv,,,,
,play,yardage,median_deviation,mean_deviation,algorithm
0,play130-game2020121311.csv,,,,
,play,yardage,median_deviation,mean_deviation,algorithm
0,play2184-game2020102512.csv,,,,
,play,yardage,median_deviation,mean_deviation,algorithm
0,play2338-game2020101801.csv,,,,
,play,yardage,median_deviation,mean_deviation,algorithm
0,play2138-game2020110805.csv,,,,
,play,yardage,median_deviation,mean_deviation,algorithm
0,play2272-game2020102200.csv,,,,
,play,yardage,median_deviation,mean_deviation,algorithm
0,play2385-game2020112909.csv,,,,
,play,yardage,median_deviation,mean_deviation,algorithm
0,play2590-game2020091301.csv,,,,
,play,yardage,median_deviation,mean_deviation,algorithm
0,play2660-game2020112900.csv,,,,
,play,yardage,median_deviation,mean_deviation,algorithm
0,play2542-game2020121302.csv,,,,
,play,yardage,median_deviation,mean_deviation,algorithm
0,play1889-game2020121311.csv,,,,
,play,yardage,median_deviation,mean_deviation,algorithm
0,play1998-game2020092008.csv,,,,
,play,yardage,median_deviation,mean_deviation,algorithm
0,play2743-game2020121900.csv,,,,
,play,yardage,median_deviation,mean_deviation,algorithm
0,play2796-game2021010301.csv,,,,
,play,yardage,median_deviation,mean_deviation,algorithm
0,play2497-game2021010315.csv,,,,
,play,yardage,median_deviation,mean_deviation,algorithm
0,play2399-game2020121312.csv,,,,
,play,yardage,median_deviation,mean_deviation,algorithm
0,play2345-game2020100410.csv,,,,
,play,yardage,median_deviation,mean_deviation,algorithm
0,play2196-game2020121305.csv,,,,
,play,yardage,median_deviation,mean_deviation,algorithm
0,play2445-game2020112201.csv,,,,
,play,yardage,median_deviation,mean_deviation,algorithm
0,play2604-game2020122100.csv,,,,
,play,yardage,median_deviation,mean_deviation,algorithm
0,play2661-game2020122708.csv,,,,
,play,yardage,median_deviation,mean_deviation,algorithm
0,play1890-game2020101200.csv,,,,
,play,yardage,median_deviation,mean_deviation,algorithm
0,play214-game2020122602.csv,,,,
,play,yardage,median_deviation,mean_deviation,algorithm
0,play2547-game2020122600.csv,,,,
,play,yardage,median_deviation,mean_deviation,algorithm
0,play2753-game2020112300.csv,,,,
,play,yardage,median_deviation,mean_deviation,algorithm
0,play2007-game2020101108.csv,,,,
,play,yardage,median_deviation,mean_deviation,algorithm
0,play208-game2020092011.csv,,,,
,play,yardage,median_deviation,mean_deviation,algorithm
0,play2512-game2020120200.csv,,,,
,play,yardage,median_deviation,mean_deviation,algorithm
0,play2797-game2020100406.csv,,,,
,play,yardage,median_deviation,mean_deviation,algorithm
0,play2406-game2020110810.csv,,,,
,play,yardage,median_deviation,mean_deviation,algorithm
0,play2275-game2020111600.csv,,,,
,play,yardage,median_deviation,mean_deviation,algorithm
0,play2198-game2020121302.csv,,,,
,play,yardage,median_deviation,mean_deviation,algorithm
0,play2456-game2020100401.csv,,,,
,play,yardage,median_deviation,mean_deviation,algorithm
0,play2548-game2020100409.csv,,,,
,play,yardage,median_deviation,mean_deviation,algorithm
0,play2713-game2020091401.csv,,,,
,play,yardage,median_deviation,mean_deviation,algorithm
0,play2140-game2020112903.csv,,,,
,play,yardage,median_deviation,mean_deviation,algorithm
0,play2007-game2020121901.csv,,,,
,play,yardage,median_deviation,mean_deviation,algorithm
0,play2754-game2020091311.csv,,,,
,play,yardage,median_deviation,mean_deviation,algorithm
0,play2345-game2020101813.csv,,,,
,play,yardage,median_deviation,mean_deviation,algorithm
0,play2662-game2020091302.csv,,,,
,play,yardage,median_deviation,mean_deviation,algorithm
0,play1898-game2020122006.csv,,,,
,play,yardage,median_deviation,mean_deviation,algorithm
0,play2201-game2020092702.csv,,,,
,play,yardage,median_deviation,mean_deviation,algorithm
0,play2517-game2020100100.csv,,,,
,play,yardage,median_deviation,mean_deviation,algorithm
0,play2408-game2020112203.csv,,,,
,play,yardage,median_deviation,mean_deviation,algorithm
0,play2461-game2020100407.csv,,,,
,play,yardage,median_deviation,mean_deviation,algorithm
0,play2757-game2020101812.csv,,,,
,play,yardage,median_deviation,mean_deviation,algorithm
0,play2088-game2020101101.csv,,,,
,play,yardage,median_deviation,mean_deviation,algorithm
0,play2713-game2020112907.csv,,,,
,play,yardage,median_deviation,mean_deviation,algorithm
0,play2011-game2020111504.csv,,,,
,play,yardage,median_deviation,mean_deviation,algorithm
0,play2142-game2020112906.csv,,,,
,play,yardage,median_deviation,mean_deviation,algorithm
0,play2276-game2020121311.csv,,,,
,play,yardage,median_deviation,mean_deviation,algorithm
0,play2563-game2020100401.csv,,,,
,play,yardage,median_deviation,mean_deviation,algorithm
0,play2348-game2020092010.csv,,,,
,play,yardage,median_deviation,mean_deviation,algorithm
0,play2799-game2020112207.csv,,,,
,play,yardage,median_deviation,mean_deviation,algorithm
0,play1899-game2020112201.csv,,,,
,play,yardage,median_deviation,mean_deviation,algorithm
0,play2410-game2020120603.csv,,,,
,play,yardage,median_deviation,mean_deviation,algorithm
0,play2518-game2020101103.csv,,,,
,play,yardage,median_deviation,mean_deviation,algorithm
0,play2609-game2020120200.csv,,,,
,play,yardage,median_deviation,mean_deviation,algorithm
0,play2206-game2020092709.csv,,,,
,play,yardage,median_deviation,mean_deviation,algorithm
0,play2757-game2020102503.csv,,,,
,play,yardage,median_deviation,mean_deviation,algorithm
0,play2104-game2020091308.csv,,,,
,play,yardage,median_deviation,mean_deviation,algorithm
0,play2461-game2021010308.csv,,,,
,play,yardage,median_deviation,mean_deviation,algorithm
0,play2725-game2020092010.csv,,,,
,play,yardage,median_deviation,mean_deviation,algorithm
0,play2017-game2020091304.csv,,,,
,play,yardage,median_deviation,mean_deviation,algorithm
0,play2143-game2020091303.csv,,,,
,play,yardage,median_deviation,mean_deviation,algorithm
0,play2303-game2020112907.csv,,,,
,play,yardage,median_deviation,mean_deviation,algorithm
0,play2565-game2020101101.csv,,,,
,play,yardage,median_deviation,mean_deviation,algorithm
0,play235-game2020122704.csv,,,,
,play,yardage,median_deviation,mean_deviation,algorithm
0,play280-game2021010305.csv,,,,
,play,yardage,median_deviation,mean_deviation,algorithm
0,play2622-game2020110103.csv,,,,
,play,yardage,median_deviation,mean_deviation,algorithm
0,play2221-game2020102505.csv,,,,
,play,yardage,median_deviation,mean_deviation,algorithm
0,play2412-game2020112202.csv,,,,
,play,yardage,median_deviation,mean_deviation,algorithm
0,play2466-game2020122013.csv,,,,
,play,yardage,median_deviation,mean_deviation,algorithm
0,play2518-game2020112903.csv,,,,
,play,yardage,median_deviation,mean_deviation,algorithm
0,play2025-game2020092004.csv,,,,
,play,yardage,median_deviation,mean_deviation,algorithm
0,play2153-game2020110109.csv,,,,
,play,yardage,median_deviation,mean_deviation,algorithm
0,play267-game2020092007.csv,,,,
,play,yardage,median_deviation,mean_deviation,algorithm
0,play2761-game2020101811.csv,,,,
,play,yardage,median_deviation,mean_deviation,algorithm
0,play2726-game2020120602.csv,,,,
,play,yardage,median_deviation,mean_deviation,algorithm
0,play2228-game2020111501.csv,,,,
,play,yardage,median_deviation,mean_deviation,algorithm
0,play2623-game2020092707.csv,,,,
,play,yardage,median_deviation,mean_deviation,algorithm
0,play211-game2020122100.csv,,,,
,play,yardage,median_deviation,mean_deviation,algorithm
0,play2310-game2020101806.csv,,,,
,play,yardage,median_deviation,mean_deviation,algorithm
0,play2476-game2020122707.csv,,,,
,play,yardage,median_deviation,mean_deviation,algorithm
0,play2354-game2020112905.csv,,,,
,play,yardage,median_deviation,mean_deviation,algorithm
0,play2565-game2020101813.csv,,,,
,play,yardage,median_deviation,mean_deviation,algorithm
0,play2417-game2020110100.csv,,,,
,play,yardage,median_deviation,mean_deviation,algorithm
0,play216-game2020120200.csv,,,,
,play,yardage,median_deviation,mean_deviation,algorithm
0,play2025-game2020122800.csv,,,,
,play,yardage,median_deviation,mean_deviation,algorithm
0,play268-game2020122013.csv,,,,
,play,yardage,median_deviation,mean_deviation,algorithm
0,play2803-game2020092003.csv,,,,
,play,yardage,median_deviation,mean_deviation,algorithm
0,play2767-game2020122010.csv,,,,
,play,yardage,median_deviation,mean_deviation,algorithm
0,play2728-game2020122009.csv,,,,
,play,yardage,median_deviation,mean_deviation,algorithm
0,play2235-game2021010315.csv,,,,
,play,yardage,median_deviation,mean_deviation,algorithm
0,play212-game2020122008.csv,,,,
,play,yardage,median_deviation,mean_deviation,algorithm
0,play2623-game2020100412.csv,,,,
,play,yardage,median_deviation,mean_deviation,algorithm
0,play2318-game2020092702.csv,,,,
,play,yardage,median_deviation,mean_deviation,algorithm
0,play2567-game2020122004.csv,,,,
,play,yardage,median_deviation,mean_deviation,algorithm
0,play2861-game2020110801.csv,,,,
,play,yardage,median_deviation,mean_deviation,algorithm
0,play2422-game2020122800.csv,,,,
,play,yardage,median_deviation,mean_deviation,algorithm
0,play2523-game2020092709.csv,,,,
,play,yardage,median_deviation,mean_deviation,algorithm
0,play2484-game2020102506.csv,,,,
,play,yardage,median_deviation,mean_deviation,algorithm
0,play2166-game2020112200.csv,,,,
,play,yardage,median_deviation,mean_deviation,algorithm
0,play2734-game2020112206.csv,,,,
,play,yardage,median_deviation,mean_deviation,algorithm
0,play2360-game2020112207.csv,,,,
,play,yardage,median_deviation,mean_deviation,algorithm
0,play2247-game2021010303.csv,,,,
,play,yardage,median_deviation,mean_deviation,algorithm
0,play1909-game2020110802.csv,,,,
,play,yardage,median_deviation,mean_deviation,algorithm
0,play2122-game2020101807.csv,,,,
,play,yardage,median_deviation,mean_deviation,algorithm
0,play2634-game2020122010.csv,,,,
,play,yardage,median_deviation,mean_deviation,algorithm
0,play2318-game2020110806.csv,,,,
,play,yardage,median_deviation,mean_deviation,algorithm
0,play2812-game2020101105.csv,,,,
,play,yardage,median_deviation,mean_deviation,algorithm
0,play2524-game2020110811.csv,,,,
,play,yardage,median_deviation,mean_deviation,algorithm
0,play2488-game2020121901.csv,,,,
,play,yardage,median_deviation,mean_deviation,algorithm
0,play2683-game2020120601.csv,,,,
,play,yardage,median_deviation,mean_deviation,algorithm
0,play2577-game2020121313.csv,,,,
,play,yardage,median_deviation,mean_deviation,algorithm
0,play2248-game2020091308.csv,,,,
,play,yardage,median_deviation,mean_deviation,algorithm
0,play2912-game2020101805.csv,,,,
,play,yardage,median_deviation,mean_deviation,algorithm
0,play2126-game2020110809.csv,,,,
,play,yardage,median_deviation,mean_deviation,algorithm
0,play2992-game2020101106.csv,,,,
,play,yardage,median_deviation,mean_deviation,algorithm
0,play2637-game2020122712.csv,,,,
,play,yardage,median_deviation,mean_deviation,algorithm
0,play1924-game2020121000.csv,,,,
,play,yardage,median_deviation,mean_deviation,algorithm
0,play3049-game2020121300.csv,,,,
,play,yardage,median_deviation,mean_deviation,algorithm
0,play2861-game2020112903.csv,,,,
,play,yardage,median_deviation,mean_deviation,algorithm
0,play2772-game2020091310.csv,,,,
,play,yardage,median_deviation,mean_deviation,algorithm
0,play2823-game2020111510.csv,,,,
,play,yardage,median_deviation,mean_deviation,algorithm
0,play226-game2020120600.csv,,,,
,play,yardage,median_deviation,mean_deviation,algorithm
0,play2318-game2020122500.csv,,,,
,play,yardage,median_deviation,mean_deviation,algorithm
0,play2689-game2020121309.csv,,,,
,play,yardage,median_deviation,mean_deviation,algorithm
0,play2648-game2020112904.csv,,,,
,play,yardage,median_deviation,mean_deviation,algorithm
0,play2736-game2020110802.csv,,,,
,play,yardage,median_deviation,mean_deviation,algorithm
0,play2524-game2020112204.csv,,,,
,play,yardage,median_deviation,mean_deviation,algorithm
0,play2868-game2020101108.csv,,,,
,play,yardage,median_deviation,mean_deviation,algorithm
0,play3050-game2020092708.csv,,,,
,play,yardage,median_deviation,mean_deviation,algorithm
0,play2781-game2021010311.csv,,,,
,play,yardage,median_deviation,mean_deviation,algorithm
0,play2920-game2020101901.csv,,,,
,play,yardage,median_deviation,mean_deviation,algorithm
0,play1933-game2020101811.csv,,,,
,play,yardage,median_deviation,mean_deviation,algorithm
0,play2579-game2020100800.csv,,,,
,play,yardage,median_deviation,mean_deviation,algorithm
0,play3092-game2020110804.csv,,,,
,play,yardage,median_deviation,mean_deviation,algorithm
0,play3004-game2020102506.csv,,,,
,play,yardage,median_deviation,mean_deviation,algorithm
0,play283-game2020112904.csv,,,,
,play,yardage,median_deviation,mean_deviation,algorithm
0,play2365-game2020110108.csv,,,,
,play,yardage,median_deviation,mean_deviation,algorithm
0,play3367-game2020100401.csv,,,,
,play,yardage,median_deviation,mean_deviation,algorithm
0,play1935-game2020100409.csv,,,,
,play,yardage,median_deviation,mean_deviation,algorithm
0,play2699-game2020102500.csv,,,,
,play,yardage,median_deviation,mean_deviation,algorithm
0,play3288-game2020092003.csv,,,,
,play,yardage,median_deviation,mean_deviation,algorithm
0,play3225-game2020120602.csv,,,,
,play,yardage,median_deviation,mean_deviation,algorithm
0,play2783-game2020091309.csv,,,,
,play,yardage,median_deviation,mean_deviation,algorithm
0,play3153-game2020112909.csv,,,,
,play,yardage,median_deviation,mean_deviation,algorithm
0,play3092-game2020120610.csv,,,,
,play,yardage,median_deviation,mean_deviation,algorithm
0,play3005-game2020092400.csv,,,,
,play,yardage,median_deviation,mean_deviation,algorithm
0,play2656-game2020122005.csv,,,,
,play,yardage,median_deviation,mean_deviation,algorithm
0,play2876-game2020121000.csv,,,,
,play,yardage,median_deviation,mean_deviation,algorithm
0,play1945-game2020092006.csv,,,,
,play,yardage,median_deviation,mean_deviation,algorithm
0,play2737-game2020120603.csv,,,,
,play,yardage,median_deviation,mean_deviation,algorithm
0,play2369-game2020113000.csv,,,,
,play,yardage,median_deviation,mean_deviation,algorithm
0,play3007-game2020102512.csv,,,,
,play,yardage,median_deviation,mean_deviation,algorithm
0,play2793-game2020120605.csv,,,,
,play,yardage,median_deviation,mean_deviation,algorithm
0,play3162-game2020120702.csv,,,,
,play,yardage,median_deviation,mean_deviation,algorithm
0,play2843-game2020121901.csv,,,,
,play,yardage,median_deviation,mean_deviation,algorithm
0,play3370-game2020091312.csv,,,,
,play,yardage,median_deviation,mean_deviation,algorithm
0,play270-game2020120603.csv,,,,
,play,yardage,median_deviation,mean_deviation,algorithm
0,play3451-game2020121305.csv,,,,
,play,yardage,median_deviation,mean_deviation,algorithm
0,play3094-game2020112205.csv,,,,
,play,yardage,median_deviation,mean_deviation,algorithm
0,play3288-game2020122709.csv,,,,
,play,yardage,median_deviation,mean_deviation,algorithm
0,play288-game2020121300.csv,,,,
,play,yardage,median_deviation,mean_deviation,algorithm
0,play3230-game2020120611.csv,,,,
,play,yardage,median_deviation,mean_deviation,algorithm
0,play3050-game2020121000.csv,,,,
,play,yardage,median_deviation,mean_deviation,algorithm
0,play2739-game2020111505.csv,,,,
,play,yardage,median_deviation,mean_deviation,algorithm
0,play3007-game2020112206.csv,,,,
,play,yardage,median_deviation,mean_deviation,algorithm
0,play2796-game2020121303.csv,,,,
,play,yardage,median_deviation,mean_deviation,algorithm
0,play3373-game2020111504.csv,,,,
,play,yardage,median_deviation,mean_deviation,algorithm
0,play2922-game2020110108.csv,,,,
,play,yardage,median_deviation,mean_deviation,algorithm
0,play3531-game2020100407.csv,,,,
,play,yardage,median_deviation,mean_deviation,algorithm
0,play3162-game2020122005.csv,,,,
,play,yardage,median_deviation,mean_deviation,algorithm
0,play3460-game2020122800.csv,,,,
,play,yardage,median_deviation,mean_deviation,algorithm
0,play2703-game2020092711.csv,,,,
,play,yardage,median_deviation,mean_deviation,algorithm
0,play3101-game2020122711.csv,,,,
,play,yardage,median_deviation,mean_deviation,algorithm
0,play329-game2020101901.csv,,,,
,play,yardage,median_deviation,mean_deviation,algorithm
0,play2857-game2020101101.csv,,,,
,play,yardage,median_deviation,mean_deviation,algorithm
0,play2880-game2020091308.csv,,,,
,play,yardage,median_deviation,mean_deviation,algorithm
0,play3019-game2020111501.csv,,,,
,play,yardage,median_deviation,mean_deviation,algorithm
0,play3234-game2020122800.csv,,,,
,play,yardage,median_deviation,mean_deviation,algorithm
0,play2740-game2020110109.csv,,,,
,play,yardage,median_deviation,mean_deviation,algorithm
0,play3374-game2020112206.csv,,,,
,play,yardage,median_deviation,mean_deviation,algorithm
0,play3054-game2020111512.csv,,,,
,play,yardage,median_deviation,mean_deviation,algorithm
0,play3670-game2020121000.csv,,,,
,play,yardage,median_deviation,mean_deviation,algorithm
0,play3468-game2020101108.csv,,,,
,play,yardage,median_deviation,mean_deviation,algorithm
0,play3532-game2020120608.csv,,,,
,play,yardage,median_deviation,mean_deviation,algorithm
0,play3116-game2020092001.csv,,,,
,play,yardage,median_deviation,mean_deviation,algorithm
0,play3168-game2020092712.csv,,,,
,play,yardage,median_deviation,mean_deviation,algorithm
0,play2882-game2020120602.csv,,,,
,play,yardage,median_deviation,mean_deviation,algorithm
0,play2706-game2020112906.csv,,,,
,play,yardage,median_deviation,mean_deviation,algorithm
0,play3298-game2020091310.csv,,,,
,play,yardage,median_deviation,mean_deviation,algorithm
0,play3598-game2020122702.csv,,,,
,play,yardage,median_deviation,mean_deviation,algorithm
0,play286-game2020110808.csv,,,,
,play,yardage,median_deviation,mean_deviation,algorithm
0,play3055-game2020091400.csv,,,,
,play,yardage,median_deviation,mean_deviation,algorithm
0,play3019-game2020120612.csv,,,,
,play,yardage,median_deviation,mean_deviation,algorithm
0,play3391-game2020101813.csv,,,,
,play,yardage,median_deviation,mean_deviation,algorithm
0,play2923-game2020112910.csv,,,,
,play,yardage,median_deviation,mean_deviation,algorithm
0,play3674-game2020110500.csv,,,,
,play,yardage,median_deviation,mean_deviation,algorithm
0,play289-game2020110801.csv,,,,
,play,yardage,median_deviation,mean_deviation,algorithm
0,play3534-game2020092710.csv,,,,
,play,yardage,median_deviation,mean_deviation,algorithm
0,play3299-game2020121306.csv,,,,
,play,yardage,median_deviation,mean_deviation,algorithm
0,play3120-game2020092013.csv,,,,
,play,yardage,median_deviation,mean_deviation,algorithm
0,play3177-game2020122012.csv,,,,
,play,yardage,median_deviation,mean_deviation,algorithm
0,play3240-game2020110110.csv,,,,
,play,yardage,median_deviation,mean_deviation,algorithm
0,play3742-game2020101806.csv,,,,
,play,yardage,median_deviation,mean_deviation,algorithm
0,play3413-game2020112601.csv,,,,
,play,yardage,median_deviation,mean_deviation,algorithm
0,play3060-game2020101111.csv,,,,
,play,yardage,median_deviation,mean_deviation,algorithm
0,play2890-game2020111509.csv,,,,
,play,yardage,median_deviation,mean_deviation,algorithm
0,play3302-game2020092013.csv,,,,
,play,yardage,median_deviation,mean_deviation,algorithm
0,play3537-game2021010313.csv,,,,
,play,yardage,median_deviation,mean_deviation,algorithm
0,play3023-game2020101110.csv,,,,
,play,yardage,median_deviation,mean_deviation,algorithm
0,play3687-game2020112901.csv,,,,
,play,yardage,median_deviation,mean_deviation,algorithm
0,play3181-game2020122003.csv,,,,
,play,yardage,median_deviation,mean_deviation,algorithm
0,play3832-game2020111200.csv,,,,
,play,yardage,median_deviation,mean_deviation,algorithm
0,play3130-game2020092700.csv,,,,
,play,yardage,median_deviation,mean_deviation,algorithm
0,play3603-game2020101810.csv,,,,
,play,yardage,median_deviation,mean_deviation,algorithm
0,play3240-game2020122011.csv,,,,
,play,yardage,median_deviation,mean_deviation,algorithm
0,play3064-game2020110111.csv,,,,
,play,yardage,median_deviation,mean_deviation,algorithm
0,play286-game2020120612.csv,,,,
,play,yardage,median_deviation,mean_deviation,algorithm
0,play3416-game2020122600.csv,,,,
,play,yardage,median_deviation,mean_deviation,algorithm
0,play370-game2020121307.csv,,,,
,play,yardage,median_deviation,mean_deviation,algorithm
0,play3023-game2020121900.csv,,,,
,play,yardage,median_deviation,mean_deviation,algorithm
0,play347-game2021010312.csv,,,,
,play,yardage,median_deviation,mean_deviation,algorithm
0,play3546-game2020112909.csv,,,,
,play,yardage,median_deviation,mean_deviation,algorithm
0,play3315-game2020111507.csv,,,,
,play,yardage,median_deviation,mean_deviation,algorithm
0,play3203-game2020120600.csv,,,,
,play,yardage,median_deviation,mean_deviation,algorithm
0,play2891-game2020122709.csv,,,,
,play,yardage,median_deviation,mean_deviation,algorithm
0,play3623-game2020101200.csv,,,,
,play,yardage,median_deviation,mean_deviation,algorithm
0,play3065-game2020111504.csv,,,,
,play,yardage,median_deviation,mean_deviation,algorithm
0,play3243-game2020100404.csv,,,,
,play,yardage,median_deviation,mean_deviation,algorithm
0,play3835-game2020092011.csv,,,,
,play,yardage,median_deviation,mean_deviation,algorithm
0,play3747-game2020122010.csv,,,,
,play,yardage,median_deviation,mean_deviation,algorithm
0,play3702-game2020100412.csv,,,,
,play,yardage,median_deviation,mean_deviation,algorithm
0,play3431-game2021010313.csv,,,,
,play,yardage,median_deviation,mean_deviation,algorithm
0,play3024-game2020112210.csv,,,,
,play,yardage,median_deviation,mean_deviation,algorithm
0,play399-game2020091302.csv,,,,
,play,yardage,median_deviation,mean_deviation,algorithm
0,play3547-game2020110802.csv,,,,
,play,yardage,median_deviation,mean_deviation,algorithm
0,play2903-game2020092707.csv,,,,
,play,yardage,median_deviation,mean_deviation,algorithm
0,play3322-game2020101811.csv,,,,
,play,yardage,median_deviation,mean_deviation,algorithm
0,play3476-game2021010308.csv,,,,
,play,yardage,median_deviation,mean_deviation,algorithm
0,play3216-game2020100100.csv,,,,
,play,yardage,median_deviation,mean_deviation,algorithm
0,play307-game2020092703.csv,,,,
,play,yardage,median_deviation,mean_deviation,algorithm
0,play3247-game2020091303.csv,,,,
,play,yardage,median_deviation,mean_deviation,algorithm
0,play3846-game2020112902.csv,,,,
,play,yardage,median_deviation,mean_deviation,algorithm
0,play3435-game2020091000.csv,,,,
,play,yardage,median_deviation,mean_deviation,algorithm
0,play3041-game2020112300.csv,,,,
,play,yardage,median_deviation,mean_deviation,algorithm
0,play371-game2021010305.csv,,,,
,play,yardage,median_deviation,mean_deviation,algorithm
0,play3750-game2020110800.csv,,,,
,play,yardage,median_deviation,mean_deviation,algorithm
0,play3132-game2020101100.csv,,,,
,play,yardage,median_deviation,mean_deviation,algorithm
0,play4014-game2020122600.csv,,,,
,play,yardage,median_deviation,mean_deviation,algorithm
0,play3548-game2020120607.csv,,,,
,play,yardage,median_deviation,mean_deviation,algorithm
0,play3216-game2020110803.csv,,,,
,play,yardage,median_deviation,mean_deviation,algorithm
0,play3343-game2020102507.csv,,,,
,play,yardage,median_deviation,mean_deviation,algorithm
0,play3874-game2020111505.csv,,,,
,play,yardage,median_deviation,mean_deviation,algorithm
0,play3435-game2020092706.csv,,,,
,play,yardage,median_deviation,mean_deviation,algorithm
0,play3071-game2020092004.csv,,,,
,play,yardage,median_deviation,mean_deviation,algorithm
0,play3132-game2020121310.csv,,,,
,play,yardage,median_deviation,mean_deviation,algorithm
0,play3713-game2020101108.csv,,,,
,play,yardage,median_deviation,mean_deviation,algorithm
0,play3049-game2020101108.csv,,,,
,play,yardage,median_deviation,mean_deviation,algorithm
0,play404-game2020101106.csv,,,,
,play,yardage,median_deviation,mean_deviation,algorithm
0,play3752-game2020101800.csv,,,,
,play,yardage,median_deviation,mean_deviation,algorithm
0,play2908-game2020122602.csv,,,,
,play,yardage,median_deviation,mean_deviation,algorithm
0,play388-game2020100405.csv,,,,
,play,yardage,median_deviation,mean_deviation,algorithm
0,play4046-game2020100800.csv,,,,
,play,yardage,median_deviation,mean_deviation,algorithm
0,play3549-game2020100400.csv,,,,
,play,yardage,median_deviation,mean_deviation,algorithm
0,play3438-game2020121000.csv,,,,
,play,yardage,median_deviation,mean_deviation,algorithm
0,play335-game2020121306.csv,,,,
,play,yardage,median_deviation,mean_deviation,algorithm
0,play322-game2020101813.csv,,,,
,play,yardage,median_deviation,mean_deviation,algorithm
0,play3723-game2020111503.csv,,,,
,play,yardage,median_deviation,mean_deviation,algorithm
0,play405-game2020091311.csv,,,,
,play,yardage,median_deviation,mean_deviation,algorithm
0,play3077-game2020101804.csv,,,,
,play,yardage,median_deviation,mean_deviation,algorithm
0,play3893-game2020121901.csv,,,,
,play,yardage,median_deviation,mean_deviation,algorithm
0,play3136-game2020110106.csv,,,,
,play,yardage,median_deviation,mean_deviation,algorithm
0,play378-game2020120702.csv,,,,
,play,yardage,median_deviation,mean_deviation,algorithm
0,play322-game2020120604.csv,,,,
,play,yardage,median_deviation,mean_deviation,algorithm
0,play3902-game2020091310.csv,,,,
,play,yardage,median_deviation,mean_deviation,algorithm
0,play3138-game2020101811.csv,,,,
,play,yardage,median_deviation,mean_deviation,algorithm
0,play3725-game2020100403.csv,,,,
,play,yardage,median_deviation,mean_deviation,algorithm
0,play3080-game2020101810.csv,,,,
,play,yardage,median_deviation,mean_deviation,algorithm
0,play3224-game2021010303.csv,,,,
